<?xml version="1.0" encoding="utf-8"?>
<Catchment xmlns:xsi="http://www.w3.org/2001/XMLSchema-instance" xmlns:xsd="http://www.w3.org/2001/XMLSchema">
  <CatchmentParameters>
    <KSI>0.001</KSI>
    <KGmin>0.05</KGmin>
    <RangeKG>0.1</RangeKG>
    <AG>0.1</AG>
    <PERC>5.6422435513348468</PERC>
    <Alpha>0</Alpha>
    <UZL>145.50696134375951</UZL>
    <K0>0.48894418905812037</K0>
    <K1>0.33090257288078428</K1>
    <K2>0.077006919601023849</K2>
    <MAXBAS>1.3357984865386055</MAXBAS>
    <Cet>0</Cet>
    <PCALT>10</PCALT>
    <TCALT>0.6</TCALT>
    <Pelev>3100</Pelev>
    <Telev>3100</Telev>
    <PART>0.5</PART>
    <DELAY>1</DELAY>
  </CatchmentParameters>
  <VegetationZone>
    <VegetationZoneParameters>
      <TT>2.2044817880215319</TT>
      <CFMAX>4.286001369372971</CFMAX>
      <SP>0</SP>
      <SFCF>0.93308571172644983</SFCF>
      <CFR>0.055461398078220557</CFR>
      <CWH>0.14787636463822923</CWH>
      <CFGlacier>1</CFGlacier>
      <CFSlope>1</CFSlope>
      <FC>375.32050391178211</FC>
      <LP>0.49314049493899503</LP>
      <BETA>5.2691594502331931</BETA>
    </VegetationZoneParameters>
  </VegetationZone>
  <SubCatchment>
    <SubCatchmentParameters>
      <KSI>0.001</KSI>
      <KGmin>0.05</KGmin>
      <RangeKG>0.1</RangeKG>
      <AG>0.1</AG>
      <PERC>5.6422435513348468</PERC>
      <Alpha>0</Alpha>
      <UZL>145.50696134375951</UZL>
      <K0>0.48894418905812037</K0>
      <K1>0.33090257288078428</K1>
      <K2>0.077006919601023849</K2>
      <MAXBAS>1.3357984865386055</MAXBAS>
      <Cet>0</Cet>
      <PCALT>10</PCALT>
      <TCALT>0.6</TCALT>
      <Pelev>3100</Pelev>
      <Telev>3100</Telev>
      <PART>0.5</PART>
      <DELAY>1</DELAY>
    </SubCatchmentParameters>
    <SubCatchmentVegetationZone>
      <SubCatchmentVegetationZoneParameters>
        <TT>2.2044817880215319</TT>
        <CFMAX>4.286001369372971</CFMAX>
        <SP>0</SP>
        <SFCF>0.93308571172644983</SFCF>
        <CFR>0.055461398078220557</CFR>
        <CWH>0.14787636463822923</CWH>
        <CFGlacier>1</CFGlacier>
        <CFSlope>1</CFSlope>
        <FC>375.32050391178211</FC>
        <LP>0.49314049493899503</LP>
        <BETA>5.2691594502331931</BETA>
      </SubCatchmentVegetationZoneParameters>
    </SubCatchmentVegetationZone>
  </SubCatchment>
</Catchment>