<?xml version="1.0" encoding="utf-8"?>
<Catchment xmlns:xsi="http://www.w3.org/2001/XMLSchema-instance" xmlns:xsd="http://www.w3.org/2001/XMLSchema">
  <CatchmentParameters>
    <KSI>0.001</KSI>
    <KGmin>0.05</KGmin>
    <RangeKG>0.1</RangeKG>
    <AG>0.1</AG>
    <PERC>9.0215421648599374</PERC>
    <Alpha>0</Alpha>
    <UZL>68.810527304075464</UZL>
    <K0>0.46099846317595994</K0>
    <K1>0.19277820914691535</K1>
    <K2>0.11374778620082592</K2>
    <MAXBAS>1.9216201318223196</MAXBAS>
    <Cet>0</Cet>
    <PCALT>10</PCALT>
    <TCALT>0.6</TCALT>
    <Pelev>3100</Pelev>
    <Telev>3100</Telev>
    <PART>0.5</PART>
    <DELAY>1</DELAY>
  </CatchmentParameters>
  <VegetationZone>
    <VegetationZoneParameters>
      <TT>0.14356585893705831</TT>
      <CFMAX>4.34015280920912</CFMAX>
      <SP>0</SP>
      <SFCF>0.90163724278347468</SFCF>
      <CFR>0.061580686841201042</CFR>
      <CWH>0.17087402783026051</CWH>
      <CFGlacier>1</CFGlacier>
      <CFSlope>1</CFSlope>
      <FC>803.35925127653377</FC>
      <LP>0.4459579825722943</LP>
      <BETA>5.7364836827590207</BETA>
    </VegetationZoneParameters>
  </VegetationZone>
  <SubCatchment>
    <SubCatchmentParameters>
      <KSI>0.001</KSI>
      <KGmin>0.05</KGmin>
      <RangeKG>0.1</RangeKG>
      <AG>0.1</AG>
      <PERC>9.0215421648599374</PERC>
      <Alpha>0</Alpha>
      <UZL>68.810527304075464</UZL>
      <K0>0.46099846317595994</K0>
      <K1>0.19277820914691535</K1>
      <K2>0.11374778620082592</K2>
      <MAXBAS>1.9216201318223196</MAXBAS>
      <Cet>0</Cet>
      <PCALT>10</PCALT>
      <TCALT>0.6</TCALT>
      <Pelev>3100</Pelev>
      <Telev>3100</Telev>
      <PART>0.5</PART>
      <DELAY>1</DELAY>
    </SubCatchmentParameters>
    <SubCatchmentVegetationZone>
      <SubCatchmentVegetationZoneParameters>
        <TT>0.14356585893705831</TT>
        <CFMAX>4.34015280920912</CFMAX>
        <SP>0</SP>
        <SFCF>0.90163724278347468</SFCF>
        <CFR>0.061580686841201042</CFR>
        <CWH>0.17087402783026051</CWH>
        <CFGlacier>1</CFGlacier>
        <CFSlope>1</CFSlope>
        <FC>803.35925127653377</FC>
        <LP>0.4459579825722943</LP>
        <BETA>5.7364836827590207</BETA>
      </SubCatchmentVegetationZoneParameters>
    </SubCatchmentVegetationZone>
  </SubCatchment>
</Catchment>