<?xml version="1.0" encoding="utf-8"?>
<Catchment xmlns:xsi="http://www.w3.org/2001/XMLSchema-instance" xmlns:xsd="http://www.w3.org/2001/XMLSchema">
  <CatchmentParameters>
    <KSI>0.001</KSI>
    <KGmin>0.05</KGmin>
    <RangeKG>0.1</RangeKG>
    <AG>0.1</AG>
    <PERC>6.3260932065074158</PERC>
    <Alpha>0</Alpha>
    <UZL>189.53812154325385</UZL>
    <K0>0.58860545527844221</K0>
    <K1>0.037613414113444543</K1>
    <K2>0.12537829556644439</K2>
    <MAXBAS>1.1901143163167194</MAXBAS>
    <Cet>0</Cet>
    <PCALT>10</PCALT>
    <TCALT>0.6</TCALT>
    <Pelev>3100</Pelev>
    <Telev>3100</Telev>
    <PART>0.5</PART>
    <DELAY>1</DELAY>
  </CatchmentParameters>
  <VegetationZone>
    <VegetationZoneParameters>
      <TT>1.562086897542049</TT>
      <CFMAX>4.3575281834649955</CFMAX>
      <SP>0</SP>
      <SFCF>0.99594150539015069</SFCF>
      <CFR>0.042034543100689534</CFR>
      <CWH>0.15962060609471732</CWH>
      <CFGlacier>1</CFGlacier>
      <CFSlope>1</CFSlope>
      <FC>421.051380079258</FC>
      <LP>0.61101440553119712</LP>
      <BETA>3.8172953086923327</BETA>
    </VegetationZoneParameters>
  </VegetationZone>
  <SubCatchment>
    <SubCatchmentParameters>
      <KSI>0.001</KSI>
      <KGmin>0.05</KGmin>
      <RangeKG>0.1</RangeKG>
      <AG>0.1</AG>
      <PERC>6.3260932065074158</PERC>
      <Alpha>0</Alpha>
      <UZL>189.53812154325385</UZL>
      <K0>0.58860545527844221</K0>
      <K1>0.037613414113444543</K1>
      <K2>0.12537829556644439</K2>
      <MAXBAS>1.1901143163167194</MAXBAS>
      <Cet>0</Cet>
      <PCALT>10</PCALT>
      <TCALT>0.6</TCALT>
      <Pelev>3100</Pelev>
      <Telev>3100</Telev>
      <PART>0.5</PART>
      <DELAY>1</DELAY>
    </SubCatchmentParameters>
    <SubCatchmentVegetationZone>
      <SubCatchmentVegetationZoneParameters>
        <TT>1.562086897542049</TT>
        <CFMAX>4.3575281834649955</CFMAX>
        <SP>0</SP>
        <SFCF>0.99594150539015069</SFCF>
        <CFR>0.042034543100689534</CFR>
        <CWH>0.15962060609471732</CWH>
        <CFGlacier>1</CFGlacier>
        <CFSlope>1</CFSlope>
        <FC>421.051380079258</FC>
        <LP>0.61101440553119712</LP>
        <BETA>3.8172953086923327</BETA>
      </SubCatchmentVegetationZoneParameters>
    </SubCatchmentVegetationZone>
  </SubCatchment>
</Catchment>