<?xml version="1.0" encoding="utf-8"?>
<Catchment xmlns:xsi="http://www.w3.org/2001/XMLSchema-instance" xmlns:xsd="http://www.w3.org/2001/XMLSchema">
  <CatchmentParameters>
    <KSI>0.001</KSI>
    <KGmin>0.05</KGmin>
    <RangeKG>0.1</RangeKG>
    <AG>0.1</AG>
    <PERC>3.469717657682506</PERC>
    <Alpha>0</Alpha>
    <UZL>165.30378411634729</UZL>
    <K0>0.050000001286586451</K0>
    <K1>0.30391229840377826</K1>
    <K2>0.011777254964334585</K2>
    <MAXBAS>1</MAXBAS>
    <Cet>0</Cet>
    <PCALT>10</PCALT>
    <TCALT>0.6</TCALT>
    <Pelev>3100</Pelev>
    <Telev>3100</Telev>
    <PART>0.5</PART>
    <DELAY>1</DELAY>
  </CatchmentParameters>
  <VegetationZone>
    <VegetationZoneParameters>
      <TT>-1.4490082143455891</TT>
      <CFMAX>2.4332853911049384</CFMAX>
      <SP>0</SP>
      <SFCF>0.78477565892103851</SFCF>
      <CFR>0.0595126667317173</CFR>
      <CWH>0.12673503872944342</CWH>
      <CFGlacier>1</CFGlacier>
      <CFSlope>1</CFSlope>
      <FC>792.21565337767049</FC>
      <LP>0.63943502326688106</LP>
      <BETA>3.401858816374506</BETA>
    </VegetationZoneParameters>
  </VegetationZone>
  <SubCatchment>
    <SubCatchmentParameters>
      <KSI>0.001</KSI>
      <KGmin>0.05</KGmin>
      <RangeKG>0.1</RangeKG>
      <AG>0.1</AG>
      <PERC>3.469717657682506</PERC>
      <Alpha>0</Alpha>
      <UZL>165.30378411634729</UZL>
      <K0>0.050000001286586451</K0>
      <K1>0.30391229840377826</K1>
      <K2>0.011777254964334585</K2>
      <MAXBAS>1</MAXBAS>
      <Cet>0</Cet>
      <PCALT>10</PCALT>
      <TCALT>0.6</TCALT>
      <Pelev>3100</Pelev>
      <Telev>3100</Telev>
      <PART>0.5</PART>
      <DELAY>1</DELAY>
    </SubCatchmentParameters>
    <SubCatchmentVegetationZone>
      <SubCatchmentVegetationZoneParameters>
        <TT>-1.4490082143455891</TT>
        <CFMAX>2.4332853911049384</CFMAX>
        <SP>0</SP>
        <SFCF>0.78477565892103851</SFCF>
        <CFR>0.0595126667317173</CFR>
        <CWH>0.12673503872944342</CWH>
        <CFGlacier>1</CFGlacier>
        <CFSlope>1</CFSlope>
        <FC>792.21565337767049</FC>
        <LP>0.63943502326688106</LP>
        <BETA>3.401858816374506</BETA>
      </SubCatchmentVegetationZoneParameters>
    </SubCatchmentVegetationZone>
  </SubCatchment>
</Catchment>