<?xml version="1.0" encoding="utf-8"?>
<Catchment xmlns:xsi="http://www.w3.org/2001/XMLSchema-instance" xmlns:xsd="http://www.w3.org/2001/XMLSchema">
  <CatchmentParameters>
    <KSI>0.001</KSI>
    <KGmin>0.05</KGmin>
    <RangeKG>0.1</RangeKG>
    <AG>0.1</AG>
    <PERC>5.9999785202815641</PERC>
    <Alpha>0</Alpha>
    <UZL>111.70330913337756</UZL>
    <K0>0.43216276222158984</K0>
    <K1>0.13236668700295079</K1>
    <K2>0.012624179840574132</K2>
    <MAXBAS>1</MAXBAS>
    <Cet>0</Cet>
    <PCALT>10</PCALT>
    <TCALT>0.6</TCALT>
    <Pelev>3100</Pelev>
    <Telev>3100</Telev>
    <PART>0.5</PART>
    <DELAY>1</DELAY>
  </CatchmentParameters>
  <VegetationZone>
    <VegetationZoneParameters>
      <TT>0.0028163305435993514</TT>
      <CFMAX>4.9691317948163469</CFMAX>
      <SP>0</SP>
      <SFCF>0.75856896334000778</SFCF>
      <CFR>0.038823701365190491</CFR>
      <CWH>0.10000000154414611</CWH>
      <CFGlacier>1</CFGlacier>
      <CFSlope>1</CFSlope>
      <FC>743.96462112524307</FC>
      <LP>0.603310728715004</LP>
      <BETA>3.0487801217921349</BETA>
    </VegetationZoneParameters>
  </VegetationZone>
  <SubCatchment>
    <SubCatchmentParameters>
      <KSI>0.001</KSI>
      <KGmin>0.05</KGmin>
      <RangeKG>0.1</RangeKG>
      <AG>0.1</AG>
      <PERC>5.9999785202815641</PERC>
      <Alpha>0</Alpha>
      <UZL>111.70330913337756</UZL>
      <K0>0.43216276222158984</K0>
      <K1>0.13236668700295079</K1>
      <K2>0.012624179840574132</K2>
      <MAXBAS>1</MAXBAS>
      <Cet>0</Cet>
      <PCALT>10</PCALT>
      <TCALT>0.6</TCALT>
      <Pelev>3100</Pelev>
      <Telev>3100</Telev>
      <PART>0.5</PART>
      <DELAY>1</DELAY>
    </SubCatchmentParameters>
    <SubCatchmentVegetationZone>
      <SubCatchmentVegetationZoneParameters>
        <TT>0.0028163305435993514</TT>
        <CFMAX>4.9691317948163469</CFMAX>
        <SP>0</SP>
        <SFCF>0.75856896334000778</SFCF>
        <CFR>0.038823701365190491</CFR>
        <CWH>0.10000000154414611</CWH>
        <CFGlacier>1</CFGlacier>
        <CFSlope>1</CFSlope>
        <FC>743.96462112524307</FC>
        <LP>0.603310728715004</LP>
        <BETA>3.0487801217921349</BETA>
      </SubCatchmentVegetationZoneParameters>
    </SubCatchmentVegetationZone>
  </SubCatchment>
</Catchment>