<?xml version="1.0" encoding="utf-8"?>
<Catchment xmlns:xsi="http://www.w3.org/2001/XMLSchema-instance" xmlns:xsd="http://www.w3.org/2001/XMLSchema">
  <CatchmentParameters>
    <KSI>0.001</KSI>
    <KGmin>0.05</KGmin>
    <RangeKG>0.1</RangeKG>
    <AG>0.1</AG>
    <PERC>3.7697622458024123</PERC>
    <Alpha>0</Alpha>
    <UZL>99.3473341187785</UZL>
    <K0>0.39010875859447836</K0>
    <K1>0.30947852334527448</K1>
    <K2>0.12138093005115846</K2>
    <MAXBAS>1.800392805898992</MAXBAS>
    <Cet>0</Cet>
    <PCALT>10</PCALT>
    <TCALT>0.6</TCALT>
    <Pelev>3100</Pelev>
    <Telev>3100</Telev>
    <PART>0.5</PART>
    <DELAY>1</DELAY>
  </CatchmentParameters>
  <VegetationZone>
    <VegetationZoneParameters>
      <TT>1.8575381847679813</TT>
      <CFMAX>4.2114501902589208</CFMAX>
      <SP>0</SP>
      <SFCF>1.0460978433589636</SFCF>
      <CFR>0.06056553064682775</CFR>
      <CWH>0.12927451836493886</CWH>
      <CFGlacier>1</CFGlacier>
      <CFSlope>1</CFSlope>
      <FC>635.15798888802738</FC>
      <LP>0.67714995173888937</LP>
      <BETA>4.76733543630848</BETA>
    </VegetationZoneParameters>
  </VegetationZone>
  <SubCatchment>
    <SubCatchmentParameters>
      <KSI>0.001</KSI>
      <KGmin>0.05</KGmin>
      <RangeKG>0.1</RangeKG>
      <AG>0.1</AG>
      <PERC>3.7697622458024123</PERC>
      <Alpha>0</Alpha>
      <UZL>99.3473341187785</UZL>
      <K0>0.39010875859447836</K0>
      <K1>0.30947852334527448</K1>
      <K2>0.12138093005115846</K2>
      <MAXBAS>1.800392805898992</MAXBAS>
      <Cet>0</Cet>
      <PCALT>10</PCALT>
      <TCALT>0.6</TCALT>
      <Pelev>3100</Pelev>
      <Telev>3100</Telev>
      <PART>0.5</PART>
      <DELAY>1</DELAY>
    </SubCatchmentParameters>
    <SubCatchmentVegetationZone>
      <SubCatchmentVegetationZoneParameters>
        <TT>1.8575381847679813</TT>
        <CFMAX>4.2114501902589208</CFMAX>
        <SP>0</SP>
        <SFCF>1.0460978433589636</SFCF>
        <CFR>0.06056553064682775</CFR>
        <CWH>0.12927451836493886</CWH>
        <CFGlacier>1</CFGlacier>
        <CFSlope>1</CFSlope>
        <FC>635.15798888802738</FC>
        <LP>0.67714995173888937</LP>
        <BETA>4.76733543630848</BETA>
      </SubCatchmentVegetationZoneParameters>
    </SubCatchmentVegetationZone>
  </SubCatchment>
</Catchment>