<?xml version="1.0" encoding="utf-8"?>
<Catchment xmlns:xsi="http://www.w3.org/2001/XMLSchema-instance" xmlns:xsd="http://www.w3.org/2001/XMLSchema">
  <CatchmentParameters>
    <KSI>0.001</KSI>
    <KGmin>0.05</KGmin>
    <RangeKG>0.1</RangeKG>
    <AG>0.1</AG>
    <PERC>8.4606267736206817</PERC>
    <Alpha>0</Alpha>
    <UZL>34.347461233335871</UZL>
    <K0>0.1780034384516303</K0>
    <K1>0.403948128986931</K1>
    <K2>0.059056715231409526</K2>
    <MAXBAS>1.9448129702402506</MAXBAS>
    <Cet>0</Cet>
    <PCALT>10</PCALT>
    <TCALT>0.6</TCALT>
    <Pelev>3100</Pelev>
    <Telev>3100</Telev>
    <PART>0.5</PART>
    <DELAY>1</DELAY>
  </CatchmentParameters>
  <VegetationZone>
    <VegetationZoneParameters>
      <TT>2.0482215119840865</TT>
      <CFMAX>4.0853389822533854</CFMAX>
      <SP>0</SP>
      <SFCF>0.9523966252925401</SFCF>
      <CFR>0.026738554462668918</CFR>
      <CWH>0.18603044800389831</CWH>
      <CFGlacier>1</CFGlacier>
      <CFSlope>1</CFSlope>
      <FC>531.90744029588893</FC>
      <LP>0.59155493570803486</LP>
      <BETA>4.6226191537881638</BETA>
    </VegetationZoneParameters>
  </VegetationZone>
  <SubCatchment>
    <SubCatchmentParameters>
      <KSI>0.001</KSI>
      <KGmin>0.05</KGmin>
      <RangeKG>0.1</RangeKG>
      <AG>0.1</AG>
      <PERC>8.4606267736206817</PERC>
      <Alpha>0</Alpha>
      <UZL>34.347461233335871</UZL>
      <K0>0.1780034384516303</K0>
      <K1>0.403948128986931</K1>
      <K2>0.059056715231409526</K2>
      <MAXBAS>1.9448129702402506</MAXBAS>
      <Cet>0</Cet>
      <PCALT>10</PCALT>
      <TCALT>0.6</TCALT>
      <Pelev>3100</Pelev>
      <Telev>3100</Telev>
      <PART>0.5</PART>
      <DELAY>1</DELAY>
    </SubCatchmentParameters>
    <SubCatchmentVegetationZone>
      <SubCatchmentVegetationZoneParameters>
        <TT>2.0482215119840865</TT>
        <CFMAX>4.0853389822533854</CFMAX>
        <SP>0</SP>
        <SFCF>0.9523966252925401</SFCF>
        <CFR>0.026738554462668918</CFR>
        <CWH>0.18603044800389831</CWH>
        <CFGlacier>1</CFGlacier>
        <CFSlope>1</CFSlope>
        <FC>531.90744029588893</FC>
        <LP>0.59155493570803486</LP>
        <BETA>4.6226191537881638</BETA>
      </SubCatchmentVegetationZoneParameters>
    </SubCatchmentVegetationZone>
  </SubCatchment>
</Catchment>