<?xml version="1.0" encoding="utf-8"?>
<Catchment xmlns:xsi="http://www.w3.org/2001/XMLSchema-instance" xmlns:xsd="http://www.w3.org/2001/XMLSchema">
  <CatchmentParameters>
    <KSI>0.001</KSI>
    <KGmin>0.05</KGmin>
    <RangeKG>0.1</RangeKG>
    <AG>0.1</AG>
    <PERC>3.5251314335536748</PERC>
    <Alpha>0</Alpha>
    <UZL>122.80311888299626</UZL>
    <K0>0.57643125302409881</K0>
    <K1>0.28050603836386923</K1>
    <K2>0.011167455117745096</K2>
    <MAXBAS>1</MAXBAS>
    <Cet>0</Cet>
    <PCALT>10</PCALT>
    <TCALT>0.6</TCALT>
    <Pelev>3100</Pelev>
    <Telev>3100</Telev>
    <PART>0.5</PART>
    <DELAY>1</DELAY>
  </CatchmentParameters>
  <VegetationZone>
    <VegetationZoneParameters>
      <TT>-1.1984612248272606</TT>
      <CFMAX>2.738012119474651</CFMAX>
      <SP>0</SP>
      <SFCF>0.82305229861750628</SFCF>
      <CFR>0.053408460317836942</CFR>
      <CWH>0.13691518423190929</CWH>
      <CFGlacier>1</CFGlacier>
      <CFSlope>1</CFSlope>
      <FC>810.55261253509275</FC>
      <LP>0.53979767957584723</LP>
      <BETA>2.8930069306843289</BETA>
    </VegetationZoneParameters>
  </VegetationZone>
  <SubCatchment>
    <SubCatchmentParameters>
      <KSI>0.001</KSI>
      <KGmin>0.05</KGmin>
      <RangeKG>0.1</RangeKG>
      <AG>0.1</AG>
      <PERC>3.5251314335536748</PERC>
      <Alpha>0</Alpha>
      <UZL>122.80311888299626</UZL>
      <K0>0.57643125302409881</K0>
      <K1>0.28050603836386923</K1>
      <K2>0.011167455117745096</K2>
      <MAXBAS>1</MAXBAS>
      <Cet>0</Cet>
      <PCALT>10</PCALT>
      <TCALT>0.6</TCALT>
      <Pelev>3100</Pelev>
      <Telev>3100</Telev>
      <PART>0.5</PART>
      <DELAY>1</DELAY>
    </SubCatchmentParameters>
    <SubCatchmentVegetationZone>
      <SubCatchmentVegetationZoneParameters>
        <TT>-1.1984612248272606</TT>
        <CFMAX>2.738012119474651</CFMAX>
        <SP>0</SP>
        <SFCF>0.82305229861750628</SFCF>
        <CFR>0.053408460317836942</CFR>
        <CWH>0.13691518423190929</CWH>
        <CFGlacier>1</CFGlacier>
        <CFSlope>1</CFSlope>
        <FC>810.55261253509275</FC>
        <LP>0.53979767957584723</LP>
        <BETA>2.8930069306843289</BETA>
      </SubCatchmentVegetationZoneParameters>
    </SubCatchmentVegetationZone>
  </SubCatchment>
</Catchment>