<?xml version="1.0" encoding="utf-8"?>
<Catchment xmlns:xsi="http://www.w3.org/2001/XMLSchema-instance" xmlns:xsd="http://www.w3.org/2001/XMLSchema">
  <CatchmentParameters>
    <KSI>0.001</KSI>
    <KGmin>0.05</KGmin>
    <RangeKG>0.1</RangeKG>
    <AG>0.1</AG>
    <PERC>7.5942501440276136</PERC>
    <Alpha>0</Alpha>
    <UZL>143.43308393238198</UZL>
    <K0>0.28733954015142565</K0>
    <K1>0.39391536714954062</K1>
    <K2>0.096634137597466585</K2>
    <MAXBAS>1.0401087739450126</MAXBAS>
    <Cet>0</Cet>
    <PCALT>10</PCALT>
    <TCALT>0.6</TCALT>
    <Pelev>3100</Pelev>
    <Telev>3100</Telev>
    <PART>0.5</PART>
    <DELAY>1</DELAY>
  </CatchmentParameters>
  <VegetationZone>
    <VegetationZoneParameters>
      <TT>2.3699361296990689</TT>
      <CFMAX>4.4108972578971919</CFMAX>
      <SP>0</SP>
      <SFCF>1.0701862493105299</SFCF>
      <CFR>0.055121149482902504</CFR>
      <CWH>0.14442947480414492</CWH>
      <CFGlacier>1</CFGlacier>
      <CFSlope>1</CFSlope>
      <FC>848.50871296847913</FC>
      <LP>0.38523200545848579</LP>
      <BETA>5.3952527692795655</BETA>
    </VegetationZoneParameters>
  </VegetationZone>
  <SubCatchment>
    <SubCatchmentParameters>
      <KSI>0.001</KSI>
      <KGmin>0.05</KGmin>
      <RangeKG>0.1</RangeKG>
      <AG>0.1</AG>
      <PERC>7.5942501440276136</PERC>
      <Alpha>0</Alpha>
      <UZL>143.43308393238198</UZL>
      <K0>0.28733954015142565</K0>
      <K1>0.39391536714954062</K1>
      <K2>0.096634137597466585</K2>
      <MAXBAS>1.0401087739450126</MAXBAS>
      <Cet>0</Cet>
      <PCALT>10</PCALT>
      <TCALT>0.6</TCALT>
      <Pelev>3100</Pelev>
      <Telev>3100</Telev>
      <PART>0.5</PART>
      <DELAY>1</DELAY>
    </SubCatchmentParameters>
    <SubCatchmentVegetationZone>
      <SubCatchmentVegetationZoneParameters>
        <TT>2.3699361296990689</TT>
        <CFMAX>4.4108972578971919</CFMAX>
        <SP>0</SP>
        <SFCF>1.0701862493105299</SFCF>
        <CFR>0.055121149482902504</CFR>
        <CWH>0.14442947480414492</CWH>
        <CFGlacier>1</CFGlacier>
        <CFSlope>1</CFSlope>
        <FC>848.50871296847913</FC>
        <LP>0.38523200545848579</LP>
        <BETA>5.3952527692795655</BETA>
      </SubCatchmentVegetationZoneParameters>
    </SubCatchmentVegetationZone>
  </SubCatchment>
</Catchment>