<?xml version="1.0" encoding="utf-8"?>
<Catchment xmlns:xsi="http://www.w3.org/2001/XMLSchema-instance" xmlns:xsd="http://www.w3.org/2001/XMLSchema">
  <CatchmentParameters>
    <KSI>0.001</KSI>
    <KGmin>0.05</KGmin>
    <RangeKG>0.1</RangeKG>
    <AG>0.1</AG>
    <PERC>6.7595316142398563</PERC>
    <Alpha>0</Alpha>
    <UZL>112.98538660454923</UZL>
    <K0>0.342493230365497</K0>
    <K1>0.39798366039985311</K1>
    <K2>0.0358929081299004</K2>
    <MAXBAS>1.1453282868760244</MAXBAS>
    <Cet>0</Cet>
    <PCALT>10</PCALT>
    <TCALT>0.6</TCALT>
    <Pelev>3100</Pelev>
    <Telev>3100</Telev>
    <PART>0.5</PART>
    <DELAY>1</DELAY>
  </CatchmentParameters>
  <VegetationZone>
    <VegetationZoneParameters>
      <TT>2.3744815826854677</TT>
      <CFMAX>4.3277550648132337</CFMAX>
      <SP>0</SP>
      <SFCF>1.1057049069632843</SFCF>
      <CFR>0.048401505261844731</CFR>
      <CWH>0.15279076571305794</CWH>
      <CFGlacier>1</CFGlacier>
      <CFSlope>1</CFSlope>
      <FC>402.2157669929818</FC>
      <LP>0.50975683923921533</LP>
      <BETA>5.1770175551180007</BETA>
    </VegetationZoneParameters>
  </VegetationZone>
  <SubCatchment>
    <SubCatchmentParameters>
      <KSI>0.001</KSI>
      <KGmin>0.05</KGmin>
      <RangeKG>0.1</RangeKG>
      <AG>0.1</AG>
      <PERC>6.7595316142398563</PERC>
      <Alpha>0</Alpha>
      <UZL>112.98538660454923</UZL>
      <K0>0.342493230365497</K0>
      <K1>0.39798366039985311</K1>
      <K2>0.0358929081299004</K2>
      <MAXBAS>1.1453282868760244</MAXBAS>
      <Cet>0</Cet>
      <PCALT>10</PCALT>
      <TCALT>0.6</TCALT>
      <Pelev>3100</Pelev>
      <Telev>3100</Telev>
      <PART>0.5</PART>
      <DELAY>1</DELAY>
    </SubCatchmentParameters>
    <SubCatchmentVegetationZone>
      <SubCatchmentVegetationZoneParameters>
        <TT>2.3744815826854677</TT>
        <CFMAX>4.3277550648132337</CFMAX>
        <SP>0</SP>
        <SFCF>1.1057049069632843</SFCF>
        <CFR>0.048401505261844731</CFR>
        <CWH>0.15279076571305794</CWH>
        <CFGlacier>1</CFGlacier>
        <CFSlope>1</CFSlope>
        <FC>402.2157669929818</FC>
        <LP>0.50975683923921533</LP>
        <BETA>5.1770175551180007</BETA>
      </SubCatchmentVegetationZoneParameters>
    </SubCatchmentVegetationZone>
  </SubCatchment>
</Catchment>