<?xml version="1.0" encoding="utf-8"?>
<Catchment xmlns:xsi="http://www.w3.org/2001/XMLSchema-instance" xmlns:xsd="http://www.w3.org/2001/XMLSchema">
  <CatchmentParameters>
    <KSI>0.001</KSI>
    <KGmin>0.05</KGmin>
    <RangeKG>0.1</RangeKG>
    <AG>0.1</AG>
    <PERC>6.781349474721595</PERC>
    <Alpha>0</Alpha>
    <UZL>79.934516925877233</UZL>
    <K0>0.51355606810821586</K0>
    <K1>0.13335121651481102</K1>
    <K2>0.082144394770475651</K2>
    <MAXBAS>1.254839398038111</MAXBAS>
    <Cet>0</Cet>
    <PCALT>10</PCALT>
    <TCALT>0.6</TCALT>
    <Pelev>3100</Pelev>
    <Telev>3100</Telev>
    <PART>0.5</PART>
    <DELAY>1</DELAY>
  </CatchmentParameters>
  <VegetationZone>
    <VegetationZoneParameters>
      <TT>2.4340258545312756</TT>
      <CFMAX>3.8633118484166378</CFMAX>
      <SP>0</SP>
      <SFCF>1.0170877406707444</SFCF>
      <CFR>0.0749080811664888</CFR>
      <CWH>0.14066940456973778</CWH>
      <CFGlacier>1</CFGlacier>
      <CFSlope>1</CFSlope>
      <FC>202.43328863638376</FC>
      <LP>0.60505502874917627</LP>
      <BETA>4.4410231205014261</BETA>
    </VegetationZoneParameters>
  </VegetationZone>
  <SubCatchment>
    <SubCatchmentParameters>
      <KSI>0.001</KSI>
      <KGmin>0.05</KGmin>
      <RangeKG>0.1</RangeKG>
      <AG>0.1</AG>
      <PERC>6.781349474721595</PERC>
      <Alpha>0</Alpha>
      <UZL>79.934516925877233</UZL>
      <K0>0.51355606810821586</K0>
      <K1>0.13335121651481102</K1>
      <K2>0.082144394770475651</K2>
      <MAXBAS>1.254839398038111</MAXBAS>
      <Cet>0</Cet>
      <PCALT>10</PCALT>
      <TCALT>0.6</TCALT>
      <Pelev>3100</Pelev>
      <Telev>3100</Telev>
      <PART>0.5</PART>
      <DELAY>1</DELAY>
    </SubCatchmentParameters>
    <SubCatchmentVegetationZone>
      <SubCatchmentVegetationZoneParameters>
        <TT>2.4340258545312756</TT>
        <CFMAX>3.8633118484166378</CFMAX>
        <SP>0</SP>
        <SFCF>1.0170877406707444</SFCF>
        <CFR>0.0749080811664888</CFR>
        <CWH>0.14066940456973778</CWH>
        <CFGlacier>1</CFGlacier>
        <CFSlope>1</CFSlope>
        <FC>202.43328863638376</FC>
        <LP>0.60505502874917627</LP>
        <BETA>4.4410231205014261</BETA>
      </SubCatchmentVegetationZoneParameters>
    </SubCatchmentVegetationZone>
  </SubCatchment>
</Catchment>