<?xml version="1.0" encoding="utf-8"?>
<Catchment xmlns:xsi="http://www.w3.org/2001/XMLSchema-instance" xmlns:xsd="http://www.w3.org/2001/XMLSchema">
  <CatchmentParameters>
    <KSI>0.001</KSI>
    <KGmin>0.05</KGmin>
    <RangeKG>0.1</RangeKG>
    <AG>0.1</AG>
    <PERC>3.1405770692033181</PERC>
    <Alpha>0</Alpha>
    <UZL>137.48497639025845</UZL>
    <K0>0.050177423565862148</K0>
    <K1>0.11471543240412263</K1>
    <K2>0.010000427511729117</K2>
    <MAXBAS>1</MAXBAS>
    <Cet>0</Cet>
    <PCALT>10</PCALT>
    <TCALT>0.6</TCALT>
    <Pelev>3100</Pelev>
    <Telev>3100</Telev>
    <PART>0.5</PART>
    <DELAY>1</DELAY>
  </CatchmentParameters>
  <VegetationZone>
    <VegetationZoneParameters>
      <TT>-1.1044372731439127</TT>
      <CFMAX>2.4943393051614975</CFMAX>
      <SP>0</SP>
      <SFCF>0.728454056892539</SFCF>
      <CFR>0.048024384277856255</CFR>
      <CWH>0.12603661525927595</CWH>
      <CFGlacier>1</CFGlacier>
      <CFSlope>1</CFSlope>
      <FC>651.99736971401217</FC>
      <LP>0.71755146232395961</LP>
      <BETA>3.986447058062268</BETA>
    </VegetationZoneParameters>
  </VegetationZone>
  <SubCatchment>
    <SubCatchmentParameters>
      <KSI>0.001</KSI>
      <KGmin>0.05</KGmin>
      <RangeKG>0.1</RangeKG>
      <AG>0.1</AG>
      <PERC>3.1405770692033181</PERC>
      <Alpha>0</Alpha>
      <UZL>137.48497639025845</UZL>
      <K0>0.050177423565862148</K0>
      <K1>0.11471543240412263</K1>
      <K2>0.010000427511729117</K2>
      <MAXBAS>1</MAXBAS>
      <Cet>0</Cet>
      <PCALT>10</PCALT>
      <TCALT>0.6</TCALT>
      <Pelev>3100</Pelev>
      <Telev>3100</Telev>
      <PART>0.5</PART>
      <DELAY>1</DELAY>
    </SubCatchmentParameters>
    <SubCatchmentVegetationZone>
      <SubCatchmentVegetationZoneParameters>
        <TT>-1.1044372731439127</TT>
        <CFMAX>2.4943393051614975</CFMAX>
        <SP>0</SP>
        <SFCF>0.728454056892539</SFCF>
        <CFR>0.048024384277856255</CFR>
        <CWH>0.12603661525927595</CWH>
        <CFGlacier>1</CFGlacier>
        <CFSlope>1</CFSlope>
        <FC>651.99736971401217</FC>
        <LP>0.71755146232395961</LP>
        <BETA>3.986447058062268</BETA>
      </SubCatchmentVegetationZoneParameters>
    </SubCatchmentVegetationZone>
  </SubCatchment>
</Catchment>