<?xml version="1.0" encoding="utf-8"?>
<Catchment xmlns:xsi="http://www.w3.org/2001/XMLSchema-instance" xmlns:xsd="http://www.w3.org/2001/XMLSchema">
  <CatchmentParameters>
    <KSI>0.001</KSI>
    <KGmin>0.05</KGmin>
    <RangeKG>0.1</RangeKG>
    <AG>0.1</AG>
    <PERC>2.2999376620426517</PERC>
    <Alpha>0</Alpha>
    <UZL>92.398653887907415</UZL>
    <K0>0.490625539400402</K0>
    <K1>0.076398766899850673</K1>
    <K2>0.01105926050287131</K2>
    <MAXBAS>1</MAXBAS>
    <Cet>0</Cet>
    <PCALT>10</PCALT>
    <TCALT>0.6</TCALT>
    <Pelev>3100</Pelev>
    <Telev>3100</Telev>
    <PART>0.5</PART>
    <DELAY>1</DELAY>
  </CatchmentParameters>
  <VegetationZone>
    <VegetationZoneParameters>
      <TT>-0.703568067197878</TT>
      <CFMAX>3.6081731793099112</CFMAX>
      <SP>0</SP>
      <SFCF>0.94092234040348222</SFCF>
      <CFR>0.02794788398238653</CFR>
      <CWH>0.10000003373047932</CWH>
      <CFGlacier>1</CFGlacier>
      <CFSlope>1</CFSlope>
      <FC>922.04430203400534</FC>
      <LP>0.43521076801788577</LP>
      <BETA>2.5690176717359949</BETA>
    </VegetationZoneParameters>
  </VegetationZone>
  <SubCatchment>
    <SubCatchmentParameters>
      <KSI>0.001</KSI>
      <KGmin>0.05</KGmin>
      <RangeKG>0.1</RangeKG>
      <AG>0.1</AG>
      <PERC>2.2999376620426517</PERC>
      <Alpha>0</Alpha>
      <UZL>92.398653887907415</UZL>
      <K0>0.490625539400402</K0>
      <K1>0.076398766899850673</K1>
      <K2>0.01105926050287131</K2>
      <MAXBAS>1</MAXBAS>
      <Cet>0</Cet>
      <PCALT>10</PCALT>
      <TCALT>0.6</TCALT>
      <Pelev>3100</Pelev>
      <Telev>3100</Telev>
      <PART>0.5</PART>
      <DELAY>1</DELAY>
    </SubCatchmentParameters>
    <SubCatchmentVegetationZone>
      <SubCatchmentVegetationZoneParameters>
        <TT>-0.703568067197878</TT>
        <CFMAX>3.6081731793099112</CFMAX>
        <SP>0</SP>
        <SFCF>0.94092234040348222</SFCF>
        <CFR>0.02794788398238653</CFR>
        <CWH>0.10000003373047932</CWH>
        <CFGlacier>1</CFGlacier>
        <CFSlope>1</CFSlope>
        <FC>922.04430203400534</FC>
        <LP>0.43521076801788577</LP>
        <BETA>2.5690176717359949</BETA>
      </SubCatchmentVegetationZoneParameters>
    </SubCatchmentVegetationZone>
  </SubCatchment>
</Catchment>