<?xml version="1.0" encoding="utf-8"?>
<Catchment xmlns:xsi="http://www.w3.org/2001/XMLSchema-instance" xmlns:xsd="http://www.w3.org/2001/XMLSchema">
  <CatchmentParameters>
    <KSI>0.001</KSI>
    <KGmin>0.05</KGmin>
    <RangeKG>0.1</RangeKG>
    <AG>0.1</AG>
    <PERC>8.4014918997299191</PERC>
    <Alpha>0</Alpha>
    <UZL>64.960640965814761</UZL>
    <K0>0.14507653743088189</K0>
    <K1>0.35540186304879728</K1>
    <K2>0.067886697277093913</K2>
    <MAXBAS>1.4689294724473232</MAXBAS>
    <Cet>0</Cet>
    <PCALT>10</PCALT>
    <TCALT>0.6</TCALT>
    <Pelev>3100</Pelev>
    <Telev>3100</Telev>
    <PART>0.5</PART>
    <DELAY>1</DELAY>
  </CatchmentParameters>
  <VegetationZone>
    <VegetationZoneParameters>
      <TT>1.8011389505392097</TT>
      <CFMAX>4.3694533713187678</CFMAX>
      <SP>0</SP>
      <SFCF>0.75721985113147039</SFCF>
      <CFR>0.068805803999126267</CFR>
      <CWH>0.15133673327032512</CWH>
      <CFGlacier>1</CFGlacier>
      <CFSlope>1</CFSlope>
      <FC>433.50334172424044</FC>
      <LP>0.51172339777363385</LP>
      <BETA>5.0104194911982161</BETA>
    </VegetationZoneParameters>
  </VegetationZone>
  <SubCatchment>
    <SubCatchmentParameters>
      <KSI>0.001</KSI>
      <KGmin>0.05</KGmin>
      <RangeKG>0.1</RangeKG>
      <AG>0.1</AG>
      <PERC>8.4014918997299191</PERC>
      <Alpha>0</Alpha>
      <UZL>64.960640965814761</UZL>
      <K0>0.14507653743088189</K0>
      <K1>0.35540186304879728</K1>
      <K2>0.067886697277093913</K2>
      <MAXBAS>1.4689294724473232</MAXBAS>
      <Cet>0</Cet>
      <PCALT>10</PCALT>
      <TCALT>0.6</TCALT>
      <Pelev>3100</Pelev>
      <Telev>3100</Telev>
      <PART>0.5</PART>
      <DELAY>1</DELAY>
    </SubCatchmentParameters>
    <SubCatchmentVegetationZone>
      <SubCatchmentVegetationZoneParameters>
        <TT>1.8011389505392097</TT>
        <CFMAX>4.3694533713187678</CFMAX>
        <SP>0</SP>
        <SFCF>0.75721985113147039</SFCF>
        <CFR>0.068805803999126267</CFR>
        <CWH>0.15133673327032512</CWH>
        <CFGlacier>1</CFGlacier>
        <CFSlope>1</CFSlope>
        <FC>433.50334172424044</FC>
        <LP>0.51172339777363385</LP>
        <BETA>5.0104194911982161</BETA>
      </SubCatchmentVegetationZoneParameters>
    </SubCatchmentVegetationZone>
  </SubCatchment>
</Catchment>