<?xml version="1.0" encoding="utf-8"?>
<Catchment xmlns:xsi="http://www.w3.org/2001/XMLSchema-instance" xmlns:xsd="http://www.w3.org/2001/XMLSchema">
  <CatchmentParameters>
    <KSI>0.001</KSI>
    <KGmin>0.05</KGmin>
    <RangeKG>0.1</RangeKG>
    <AG>0.1</AG>
    <PERC>4.1803017082095426</PERC>
    <Alpha>0</Alpha>
    <UZL>55.672087459025839</UZL>
    <K0>0.48491220772590771</K0>
    <K1>0.30013067788102721</K1>
    <K2>0.012437688828987456</K2>
    <MAXBAS>1</MAXBAS>
    <Cet>0</Cet>
    <PCALT>10</PCALT>
    <TCALT>0.6</TCALT>
    <Pelev>3100</Pelev>
    <Telev>3100</Telev>
    <PART>0.5</PART>
    <DELAY>1</DELAY>
  </CatchmentParameters>
  <VegetationZone>
    <VegetationZoneParameters>
      <TT>-0.40000028566741141</TT>
      <CFMAX>4.1637893425267674</CFMAX>
      <SP>0</SP>
      <SFCF>0.91742313625667993</SFCF>
      <CFR>0.038332704178260159</CFR>
      <CWH>0.10000000015121367</CWH>
      <CFGlacier>1</CFGlacier>
      <CFSlope>1</CFSlope>
      <FC>1034.7836386897977</FC>
      <LP>0.49867438956002363</LP>
      <BETA>2.7949968367408697</BETA>
    </VegetationZoneParameters>
  </VegetationZone>
  <SubCatchment>
    <SubCatchmentParameters>
      <KSI>0.001</KSI>
      <KGmin>0.05</KGmin>
      <RangeKG>0.1</RangeKG>
      <AG>0.1</AG>
      <PERC>4.1803017082095426</PERC>
      <Alpha>0</Alpha>
      <UZL>55.672087459025839</UZL>
      <K0>0.48491220772590771</K0>
      <K1>0.30013067788102721</K1>
      <K2>0.012437688828987456</K2>
      <MAXBAS>1</MAXBAS>
      <Cet>0</Cet>
      <PCALT>10</PCALT>
      <TCALT>0.6</TCALT>
      <Pelev>3100</Pelev>
      <Telev>3100</Telev>
      <PART>0.5</PART>
      <DELAY>1</DELAY>
    </SubCatchmentParameters>
    <SubCatchmentVegetationZone>
      <SubCatchmentVegetationZoneParameters>
        <TT>-0.40000028566741141</TT>
        <CFMAX>4.1637893425267674</CFMAX>
        <SP>0</SP>
        <SFCF>0.91742313625667993</SFCF>
        <CFR>0.038332704178260159</CFR>
        <CWH>0.10000000015121367</CWH>
        <CFGlacier>1</CFGlacier>
        <CFSlope>1</CFSlope>
        <FC>1034.7836386897977</FC>
        <LP>0.49867438956002363</LP>
        <BETA>2.7949968367408697</BETA>
      </SubCatchmentVegetationZoneParameters>
    </SubCatchmentVegetationZone>
  </SubCatchment>
</Catchment>