<?xml version="1.0" encoding="utf-8"?>
<Catchment xmlns:xsi="http://www.w3.org/2001/XMLSchema-instance" xmlns:xsd="http://www.w3.org/2001/XMLSchema">
  <CatchmentParameters>
    <KSI>0.001</KSI>
    <KGmin>0.05</KGmin>
    <RangeKG>0.1</RangeKG>
    <AG>0.1</AG>
    <PERC>5.481781793325565</PERC>
    <Alpha>0</Alpha>
    <UZL>199.0175044113569</UZL>
    <K0>0.0511581429320046</K0>
    <K1>0.40092442686732244</K1>
    <K2>0.07745679746243217</K2>
    <MAXBAS>1.2283119554483957</MAXBAS>
    <Cet>0</Cet>
    <PCALT>10</PCALT>
    <TCALT>0.6</TCALT>
    <Pelev>3100</Pelev>
    <Telev>3100</Telev>
    <PART>0.5</PART>
    <DELAY>1</DELAY>
  </CatchmentParameters>
  <VegetationZone>
    <VegetationZoneParameters>
      <TT>2.179050820395291</TT>
      <CFMAX>4.8483868479519874</CFMAX>
      <SP>0</SP>
      <SFCF>1.0880503550932985</SFCF>
      <CFR>0.017441310910484124</CFR>
      <CWH>0.17044899006359626</CWH>
      <CFGlacier>1</CFGlacier>
      <CFSlope>1</CFSlope>
      <FC>675.80034518215552</FC>
      <LP>0.64036290953426223</LP>
      <BETA>5.1727836718961369</BETA>
    </VegetationZoneParameters>
  </VegetationZone>
  <SubCatchment>
    <SubCatchmentParameters>
      <KSI>0.001</KSI>
      <KGmin>0.05</KGmin>
      <RangeKG>0.1</RangeKG>
      <AG>0.1</AG>
      <PERC>5.481781793325565</PERC>
      <Alpha>0</Alpha>
      <UZL>199.0175044113569</UZL>
      <K0>0.0511581429320046</K0>
      <K1>0.40092442686732244</K1>
      <K2>0.07745679746243217</K2>
      <MAXBAS>1.2283119554483957</MAXBAS>
      <Cet>0</Cet>
      <PCALT>10</PCALT>
      <TCALT>0.6</TCALT>
      <Pelev>3100</Pelev>
      <Telev>3100</Telev>
      <PART>0.5</PART>
      <DELAY>1</DELAY>
    </SubCatchmentParameters>
    <SubCatchmentVegetationZone>
      <SubCatchmentVegetationZoneParameters>
        <TT>2.179050820395291</TT>
        <CFMAX>4.8483868479519874</CFMAX>
        <SP>0</SP>
        <SFCF>1.0880503550932985</SFCF>
        <CFR>0.017441310910484124</CFR>
        <CWH>0.17044899006359626</CWH>
        <CFGlacier>1</CFGlacier>
        <CFSlope>1</CFSlope>
        <FC>675.80034518215552</FC>
        <LP>0.64036290953426223</LP>
        <BETA>5.1727836718961369</BETA>
      </SubCatchmentVegetationZoneParameters>
    </SubCatchmentVegetationZone>
  </SubCatchment>
</Catchment>