<?xml version="1.0" encoding="utf-8"?>
<Catchment xmlns:xsi="http://www.w3.org/2001/XMLSchema-instance" xmlns:xsd="http://www.w3.org/2001/XMLSchema">
  <CatchmentParameters>
    <KSI>0.001</KSI>
    <KGmin>0.05</KGmin>
    <RangeKG>0.1</RangeKG>
    <AG>0.1</AG>
    <PERC>0.2106188040033575</PERC>
    <Alpha>0</Alpha>
    <UZL>72.095248734984253</UZL>
    <K0>0.11672323495868973</K0>
    <K1>0.021469164768408208</K1>
    <K2>0.010000000529824794</K2>
    <MAXBAS>1</MAXBAS>
    <Cet>0</Cet>
    <PCALT>10</PCALT>
    <TCALT>0.6</TCALT>
    <Pelev>3100</Pelev>
    <Telev>3100</Telev>
    <PART>0.5</PART>
    <DELAY>1</DELAY>
  </CatchmentParameters>
  <VegetationZone>
    <VegetationZoneParameters>
      <TT>0.29231553862311466</TT>
      <CFMAX>4.976408618757092</CFMAX>
      <SP>0</SP>
      <SFCF>0.94229206035362056</SFCF>
      <CFR>0.021875652840843102</CFR>
      <CWH>0.10000004452019916</CWH>
      <CFGlacier>1</CFGlacier>
      <CFSlope>1</CFSlope>
      <FC>1000.6570247008614</FC>
      <LP>0.50589543363958756</LP>
      <BETA>3.0191833907198906</BETA>
    </VegetationZoneParameters>
  </VegetationZone>
  <SubCatchment>
    <SubCatchmentParameters>
      <KSI>0.001</KSI>
      <KGmin>0.05</KGmin>
      <RangeKG>0.1</RangeKG>
      <AG>0.1</AG>
      <PERC>0.2106188040033575</PERC>
      <Alpha>0</Alpha>
      <UZL>72.095248734984253</UZL>
      <K0>0.11672323495868973</K0>
      <K1>0.021469164768408208</K1>
      <K2>0.010000000529824794</K2>
      <MAXBAS>1</MAXBAS>
      <Cet>0</Cet>
      <PCALT>10</PCALT>
      <TCALT>0.6</TCALT>
      <Pelev>3100</Pelev>
      <Telev>3100</Telev>
      <PART>0.5</PART>
      <DELAY>1</DELAY>
    </SubCatchmentParameters>
    <SubCatchmentVegetationZone>
      <SubCatchmentVegetationZoneParameters>
        <TT>0.29231553862311466</TT>
        <CFMAX>4.976408618757092</CFMAX>
        <SP>0</SP>
        <SFCF>0.94229206035362056</SFCF>
        <CFR>0.021875652840843102</CFR>
        <CWH>0.10000004452019916</CWH>
        <CFGlacier>1</CFGlacier>
        <CFSlope>1</CFSlope>
        <FC>1000.6570247008614</FC>
        <LP>0.50589543363958756</LP>
        <BETA>3.0191833907198906</BETA>
      </SubCatchmentVegetationZoneParameters>
    </SubCatchmentVegetationZone>
  </SubCatchment>
</Catchment>