<?xml version="1.0" encoding="utf-8"?>
<Catchment xmlns:xsi="http://www.w3.org/2001/XMLSchema-instance" xmlns:xsd="http://www.w3.org/2001/XMLSchema">
  <CatchmentParameters>
    <KSI>0.001</KSI>
    <KGmin>0.05</KGmin>
    <RangeKG>0.1</RangeKG>
    <AG>0.1</AG>
    <PERC>4.6291435382703412</PERC>
    <Alpha>0</Alpha>
    <UZL>71.365895465133576</UZL>
    <K0>0.50777337492474139</K0>
    <K1>0.18852832697498614</K1>
    <K2>0.10050644408531211</K2>
    <MAXBAS>1.6115359762429582</MAXBAS>
    <Cet>0</Cet>
    <PCALT>10</PCALT>
    <TCALT>0.6</TCALT>
    <Pelev>3100</Pelev>
    <Telev>3100</Telev>
    <PART>0.5</PART>
    <DELAY>1</DELAY>
  </CatchmentParameters>
  <VegetationZone>
    <VegetationZoneParameters>
      <TT>2.0969498362665093</TT>
      <CFMAX>4.1402186118232525</CFMAX>
      <SP>0</SP>
      <SFCF>0.900614494841419</SFCF>
      <CFR>0.030922831858783691</CFR>
      <CWH>0.13024802194201188</CWH>
      <CFGlacier>1</CFGlacier>
      <CFSlope>1</CFSlope>
      <FC>517.56822488012222</FC>
      <LP>0.49666448994812978</LP>
      <BETA>5.814014398006087</BETA>
    </VegetationZoneParameters>
  </VegetationZone>
  <SubCatchment>
    <SubCatchmentParameters>
      <KSI>0.001</KSI>
      <KGmin>0.05</KGmin>
      <RangeKG>0.1</RangeKG>
      <AG>0.1</AG>
      <PERC>4.6291435382703412</PERC>
      <Alpha>0</Alpha>
      <UZL>71.365895465133576</UZL>
      <K0>0.50777337492474139</K0>
      <K1>0.18852832697498614</K1>
      <K2>0.10050644408531211</K2>
      <MAXBAS>1.6115359762429582</MAXBAS>
      <Cet>0</Cet>
      <PCALT>10</PCALT>
      <TCALT>0.6</TCALT>
      <Pelev>3100</Pelev>
      <Telev>3100</Telev>
      <PART>0.5</PART>
      <DELAY>1</DELAY>
    </SubCatchmentParameters>
    <SubCatchmentVegetationZone>
      <SubCatchmentVegetationZoneParameters>
        <TT>2.0969498362665093</TT>
        <CFMAX>4.1402186118232525</CFMAX>
        <SP>0</SP>
        <SFCF>0.900614494841419</SFCF>
        <CFR>0.030922831858783691</CFR>
        <CWH>0.13024802194201188</CWH>
        <CFGlacier>1</CFGlacier>
        <CFSlope>1</CFSlope>
        <FC>517.56822488012222</FC>
        <LP>0.49666448994812978</LP>
        <BETA>5.814014398006087</BETA>
      </SubCatchmentVegetationZoneParameters>
    </SubCatchmentVegetationZone>
  </SubCatchment>
</Catchment>