<?xml version="1.0" encoding="utf-8"?>
<Catchment xmlns:xsi="http://www.w3.org/2001/XMLSchema-instance" xmlns:xsd="http://www.w3.org/2001/XMLSchema">
  <CatchmentParameters>
    <KSI>0.001</KSI>
    <KGmin>0.05</KGmin>
    <RangeKG>0.1</RangeKG>
    <AG>0.1</AG>
    <PERC>8.0597930853912434</PERC>
    <Alpha>0</Alpha>
    <UZL>132.20402387672249</UZL>
    <K0>0.54858416589873182</K0>
    <K1>0.30238582144781556</K1>
    <K2>0.10960295413304244</K2>
    <MAXBAS>1.2566796817638619</MAXBAS>
    <Cet>0</Cet>
    <PCALT>10</PCALT>
    <TCALT>0.6</TCALT>
    <Pelev>3100</Pelev>
    <Telev>3100</Telev>
    <PART>0.5</PART>
    <DELAY>1</DELAY>
  </CatchmentParameters>
  <VegetationZone>
    <VegetationZoneParameters>
      <TT>0.40630470682705777</TT>
      <CFMAX>4.4888595361859345</CFMAX>
      <SP>0</SP>
      <SFCF>0.82061081353765042</SFCF>
      <CFR>0.071886525345451216</CFR>
      <CWH>0.13438814413916494</CWH>
      <CFGlacier>1</CFGlacier>
      <CFSlope>1</CFSlope>
      <FC>621.80043588265585</FC>
      <LP>0.42015558623691918</LP>
      <BETA>5.0453524956914</BETA>
    </VegetationZoneParameters>
  </VegetationZone>
  <SubCatchment>
    <SubCatchmentParameters>
      <KSI>0.001</KSI>
      <KGmin>0.05</KGmin>
      <RangeKG>0.1</RangeKG>
      <AG>0.1</AG>
      <PERC>8.0597930853912434</PERC>
      <Alpha>0</Alpha>
      <UZL>132.20402387672249</UZL>
      <K0>0.54858416589873182</K0>
      <K1>0.30238582144781556</K1>
      <K2>0.10960295413304244</K2>
      <MAXBAS>1.2566796817638619</MAXBAS>
      <Cet>0</Cet>
      <PCALT>10</PCALT>
      <TCALT>0.6</TCALT>
      <Pelev>3100</Pelev>
      <Telev>3100</Telev>
      <PART>0.5</PART>
      <DELAY>1</DELAY>
    </SubCatchmentParameters>
    <SubCatchmentVegetationZone>
      <SubCatchmentVegetationZoneParameters>
        <TT>0.40630470682705777</TT>
        <CFMAX>4.4888595361859345</CFMAX>
        <SP>0</SP>
        <SFCF>0.82061081353765042</SFCF>
        <CFR>0.071886525345451216</CFR>
        <CWH>0.13438814413916494</CWH>
        <CFGlacier>1</CFGlacier>
        <CFSlope>1</CFSlope>
        <FC>621.80043588265585</FC>
        <LP>0.42015558623691918</LP>
        <BETA>5.0453524956914</BETA>
      </SubCatchmentVegetationZoneParameters>
    </SubCatchmentVegetationZone>
  </SubCatchment>
</Catchment>