<?xml version="1.0" encoding="utf-8"?>
<Catchment xmlns:xsi="http://www.w3.org/2001/XMLSchema-instance" xmlns:xsd="http://www.w3.org/2001/XMLSchema">
  <CatchmentParameters>
    <KSI>0.001</KSI>
    <KGmin>0.05</KGmin>
    <RangeKG>0.1</RangeKG>
    <AG>0.1</AG>
    <PERC>5.8063919639293156</PERC>
    <Alpha>0</Alpha>
    <UZL>144.70487454321417</UZL>
    <K0>0.36101602688534246</K0>
    <K1>0.39404154238624245</K1>
    <K2>0.020273259726755116</K2>
    <MAXBAS>2.0648918906493381</MAXBAS>
    <Cet>0</Cet>
    <PCALT>10</PCALT>
    <TCALT>0.6</TCALT>
    <Pelev>3100</Pelev>
    <Telev>3100</Telev>
    <PART>0.5</PART>
    <DELAY>1</DELAY>
  </CatchmentParameters>
  <VegetationZone>
    <VegetationZoneParameters>
      <TT>2.4374248627429069</TT>
      <CFMAX>4.71488177550137</CFMAX>
      <SP>0</SP>
      <SFCF>0.79571650583808251</SFCF>
      <CFR>0.039248482279063308</CFR>
      <CWH>0.14965844181617344</CWH>
      <CFGlacier>1</CFGlacier>
      <CFSlope>1</CFSlope>
      <FC>77.094001895503013</FC>
      <LP>0.59987214611195872</LP>
      <BETA>5.4889156529288945</BETA>
    </VegetationZoneParameters>
  </VegetationZone>
  <SubCatchment>
    <SubCatchmentParameters>
      <KSI>0.001</KSI>
      <KGmin>0.05</KGmin>
      <RangeKG>0.1</RangeKG>
      <AG>0.1</AG>
      <PERC>5.8063919639293156</PERC>
      <Alpha>0</Alpha>
      <UZL>144.70487454321417</UZL>
      <K0>0.36101602688534246</K0>
      <K1>0.39404154238624245</K1>
      <K2>0.020273259726755116</K2>
      <MAXBAS>2.0648918906493381</MAXBAS>
      <Cet>0</Cet>
      <PCALT>10</PCALT>
      <TCALT>0.6</TCALT>
      <Pelev>3100</Pelev>
      <Telev>3100</Telev>
      <PART>0.5</PART>
      <DELAY>1</DELAY>
    </SubCatchmentParameters>
    <SubCatchmentVegetationZone>
      <SubCatchmentVegetationZoneParameters>
        <TT>2.4374248627429069</TT>
        <CFMAX>4.71488177550137</CFMAX>
        <SP>0</SP>
        <SFCF>0.79571650583808251</SFCF>
        <CFR>0.039248482279063308</CFR>
        <CWH>0.14965844181617344</CWH>
        <CFGlacier>1</CFGlacier>
        <CFSlope>1</CFSlope>
        <FC>77.094001895503013</FC>
        <LP>0.59987214611195872</LP>
        <BETA>5.4889156529288945</BETA>
      </SubCatchmentVegetationZoneParameters>
    </SubCatchmentVegetationZone>
  </SubCatchment>
</Catchment>