<?xml version="1.0" encoding="utf-8"?>
<Catchment xmlns:xsi="http://www.w3.org/2001/XMLSchema-instance" xmlns:xsd="http://www.w3.org/2001/XMLSchema">
  <CatchmentParameters>
    <KSI>0.001</KSI>
    <KGmin>0.05</KGmin>
    <RangeKG>0.1</RangeKG>
    <AG>0.1</AG>
    <PERC>3.4597655399593683</PERC>
    <Alpha>0</Alpha>
    <UZL>92.8602968133883</UZL>
    <K0>0.91974101901872363</K0>
    <K1>0.22794845887062179</K1>
    <K2>0.012018190077750682</K2>
    <MAXBAS>1</MAXBAS>
    <Cet>0</Cet>
    <PCALT>10</PCALT>
    <TCALT>0.6</TCALT>
    <Pelev>3100</Pelev>
    <Telev>3100</Telev>
    <PART>0.5</PART>
    <DELAY>1</DELAY>
  </CatchmentParameters>
  <VegetationZone>
    <VegetationZoneParameters>
      <TT>-0.84615361641007714</TT>
      <CFMAX>3.23423061180925</CFMAX>
      <SP>0</SP>
      <SFCF>0.8799851253387454</SFCF>
      <CFR>0.032571761671922807</CFR>
      <CWH>0.10000002001033759</CWH>
      <CFGlacier>1</CFGlacier>
      <CFSlope>1</CFSlope>
      <FC>933.101589534853</FC>
      <LP>0.56521739206429045</LP>
      <BETA>3.1405362631377578</BETA>
    </VegetationZoneParameters>
  </VegetationZone>
  <SubCatchment>
    <SubCatchmentParameters>
      <KSI>0.001</KSI>
      <KGmin>0.05</KGmin>
      <RangeKG>0.1</RangeKG>
      <AG>0.1</AG>
      <PERC>3.4597655399593683</PERC>
      <Alpha>0</Alpha>
      <UZL>92.8602968133883</UZL>
      <K0>0.91974101901872363</K0>
      <K1>0.22794845887062179</K1>
      <K2>0.012018190077750682</K2>
      <MAXBAS>1</MAXBAS>
      <Cet>0</Cet>
      <PCALT>10</PCALT>
      <TCALT>0.6</TCALT>
      <Pelev>3100</Pelev>
      <Telev>3100</Telev>
      <PART>0.5</PART>
      <DELAY>1</DELAY>
    </SubCatchmentParameters>
    <SubCatchmentVegetationZone>
      <SubCatchmentVegetationZoneParameters>
        <TT>-0.84615361641007714</TT>
        <CFMAX>3.23423061180925</CFMAX>
        <SP>0</SP>
        <SFCF>0.8799851253387454</SFCF>
        <CFR>0.032571761671922807</CFR>
        <CWH>0.10000002001033759</CWH>
        <CFGlacier>1</CFGlacier>
        <CFSlope>1</CFSlope>
        <FC>933.101589534853</FC>
        <LP>0.56521739206429045</LP>
        <BETA>3.1405362631377578</BETA>
      </SubCatchmentVegetationZoneParameters>
    </SubCatchmentVegetationZone>
  </SubCatchment>
</Catchment>