<?xml version="1.0" encoding="utf-8"?>
<Catchment xmlns:xsi="http://www.w3.org/2001/XMLSchema-instance" xmlns:xsd="http://www.w3.org/2001/XMLSchema">
  <CatchmentParameters>
    <KSI>0.001</KSI>
    <KGmin>0.05</KGmin>
    <RangeKG>0.1</RangeKG>
    <AG>0.1</AG>
    <PERC>9.3419308291079268</PERC>
    <Alpha>0</Alpha>
    <UZL>155.99431016877801</UZL>
    <K0>0.48561136431794238</K0>
    <K1>0.4136381355616382</K1>
    <K2>0.075263568086877036</K2>
    <MAXBAS>1.2516075245452996</MAXBAS>
    <Cet>0</Cet>
    <PCALT>10</PCALT>
    <TCALT>0.6</TCALT>
    <Pelev>3100</Pelev>
    <Telev>3100</Telev>
    <PART>0.5</PART>
    <DELAY>1</DELAY>
  </CatchmentParameters>
  <VegetationZone>
    <VegetationZoneParameters>
      <TT>2.0654120028500849</TT>
      <CFMAX>4.0888319887802487</CFMAX>
      <SP>0</SP>
      <SFCF>0.59443209751891846</SFCF>
      <CFR>0.077362777171478936</CFR>
      <CWH>0.14702465004456689</CWH>
      <CFGlacier>1</CFGlacier>
      <CFSlope>1</CFSlope>
      <FC>158.37686595050863</FC>
      <LP>0.31427706494389929</LP>
      <BETA>5.4629414221630581</BETA>
    </VegetationZoneParameters>
  </VegetationZone>
  <SubCatchment>
    <SubCatchmentParameters>
      <KSI>0.001</KSI>
      <KGmin>0.05</KGmin>
      <RangeKG>0.1</RangeKG>
      <AG>0.1</AG>
      <PERC>9.3419308291079268</PERC>
      <Alpha>0</Alpha>
      <UZL>155.99431016877801</UZL>
      <K0>0.48561136431794238</K0>
      <K1>0.4136381355616382</K1>
      <K2>0.075263568086877036</K2>
      <MAXBAS>1.2516075245452996</MAXBAS>
      <Cet>0</Cet>
      <PCALT>10</PCALT>
      <TCALT>0.6</TCALT>
      <Pelev>3100</Pelev>
      <Telev>3100</Telev>
      <PART>0.5</PART>
      <DELAY>1</DELAY>
    </SubCatchmentParameters>
    <SubCatchmentVegetationZone>
      <SubCatchmentVegetationZoneParameters>
        <TT>2.0654120028500849</TT>
        <CFMAX>4.0888319887802487</CFMAX>
        <SP>0</SP>
        <SFCF>0.59443209751891846</SFCF>
        <CFR>0.077362777171478936</CFR>
        <CWH>0.14702465004456689</CWH>
        <CFGlacier>1</CFGlacier>
        <CFSlope>1</CFSlope>
        <FC>158.37686595050863</FC>
        <LP>0.31427706494389929</LP>
        <BETA>5.4629414221630581</BETA>
      </SubCatchmentVegetationZoneParameters>
    </SubCatchmentVegetationZone>
  </SubCatchment>
</Catchment>