<?xml version="1.0" encoding="utf-8"?>
<Catchment xmlns:xsi="http://www.w3.org/2001/XMLSchema-instance" xmlns:xsd="http://www.w3.org/2001/XMLSchema">
  <CatchmentParameters>
    <KSI>0.001</KSI>
    <KGmin>0.05</KGmin>
    <RangeKG>0.1</RangeKG>
    <AG>0.1</AG>
    <PERC>3.21471677013546</PERC>
    <Alpha>0</Alpha>
    <UZL>117.50169411522724</UZL>
    <K0>0.56360220769540859</K0>
    <K1>0.37409598710679665</K1>
    <K2>0.086257655492571153</K2>
    <MAXBAS>1.2128992447743388</MAXBAS>
    <Cet>0</Cet>
    <PCALT>10</PCALT>
    <TCALT>0.6</TCALT>
    <Pelev>3100</Pelev>
    <Telev>3100</Telev>
    <PART>0.5</PART>
    <DELAY>1</DELAY>
  </CatchmentParameters>
  <VegetationZone>
    <VegetationZoneParameters>
      <TT>2.3683500266590736</TT>
      <CFMAX>4.5930047136464</CFMAX>
      <SP>0</SP>
      <SFCF>0.57609060057401829</SFCF>
      <CFR>0.061582516669714205</CFR>
      <CWH>0.10125444334175522</CWH>
      <CFGlacier>1</CFGlacier>
      <CFSlope>1</CFSlope>
      <FC>600.13878855116</FC>
      <LP>0.64696411394963826</LP>
      <BETA>5.0065839890318058</BETA>
    </VegetationZoneParameters>
  </VegetationZone>
  <SubCatchment>
    <SubCatchmentParameters>
      <KSI>0.001</KSI>
      <KGmin>0.05</KGmin>
      <RangeKG>0.1</RangeKG>
      <AG>0.1</AG>
      <PERC>3.21471677013546</PERC>
      <Alpha>0</Alpha>
      <UZL>117.50169411522724</UZL>
      <K0>0.56360220769540859</K0>
      <K1>0.37409598710679665</K1>
      <K2>0.086257655492571153</K2>
      <MAXBAS>1.2128992447743388</MAXBAS>
      <Cet>0</Cet>
      <PCALT>10</PCALT>
      <TCALT>0.6</TCALT>
      <Pelev>3100</Pelev>
      <Telev>3100</Telev>
      <PART>0.5</PART>
      <DELAY>1</DELAY>
    </SubCatchmentParameters>
    <SubCatchmentVegetationZone>
      <SubCatchmentVegetationZoneParameters>
        <TT>2.3683500266590736</TT>
        <CFMAX>4.5930047136464</CFMAX>
        <SP>0</SP>
        <SFCF>0.57609060057401829</SFCF>
        <CFR>0.061582516669714205</CFR>
        <CWH>0.10125444334175522</CWH>
        <CFGlacier>1</CFGlacier>
        <CFSlope>1</CFSlope>
        <FC>600.13878855116</FC>
        <LP>0.64696411394963826</LP>
        <BETA>5.0065839890318058</BETA>
      </SubCatchmentVegetationZoneParameters>
    </SubCatchmentVegetationZone>
  </SubCatchment>
</Catchment>