<?xml version="1.0" encoding="utf-8"?>
<Catchment xmlns:xsi="http://www.w3.org/2001/XMLSchema-instance" xmlns:xsd="http://www.w3.org/2001/XMLSchema">
  <CatchmentParameters>
    <KSI>0.001</KSI>
    <KGmin>0.05</KGmin>
    <RangeKG>0.1</RangeKG>
    <AG>0.1</AG>
    <PERC>3.4275715122170931</PERC>
    <Alpha>0</Alpha>
    <UZL>136.51753597081978</UZL>
    <K0>0.25232670779707833</K0>
    <K1>0.36915612494125621</K1>
    <K2>0.012685843667736613</K2>
    <MAXBAS>1</MAXBAS>
    <Cet>0</Cet>
    <PCALT>10</PCALT>
    <TCALT>0.6</TCALT>
    <Pelev>3100</Pelev>
    <Telev>3100</Telev>
    <PART>0.5</PART>
    <DELAY>1</DELAY>
  </CatchmentParameters>
  <VegetationZone>
    <VegetationZoneParameters>
      <TT>-0.80000043315024338</TT>
      <CFMAX>2.6951986955304883</CFMAX>
      <SP>0</SP>
      <SFCF>0.7034897485315843</SFCF>
      <CFR>0.038348126519843179</CFR>
      <CWH>0.11079964665694332</CWH>
      <CFGlacier>1</CFGlacier>
      <CFSlope>1</CFSlope>
      <FC>734.57099811152273</FC>
      <LP>0.45029992732085689</LP>
      <BETA>2.1939456143540013</BETA>
    </VegetationZoneParameters>
  </VegetationZone>
  <SubCatchment>
    <SubCatchmentParameters>
      <KSI>0.001</KSI>
      <KGmin>0.05</KGmin>
      <RangeKG>0.1</RangeKG>
      <AG>0.1</AG>
      <PERC>3.4275715122170931</PERC>
      <Alpha>0</Alpha>
      <UZL>136.51753597081978</UZL>
      <K0>0.25232670779707833</K0>
      <K1>0.36915612494125621</K1>
      <K2>0.012685843667736613</K2>
      <MAXBAS>1</MAXBAS>
      <Cet>0</Cet>
      <PCALT>10</PCALT>
      <TCALT>0.6</TCALT>
      <Pelev>3100</Pelev>
      <Telev>3100</Telev>
      <PART>0.5</PART>
      <DELAY>1</DELAY>
    </SubCatchmentParameters>
    <SubCatchmentVegetationZone>
      <SubCatchmentVegetationZoneParameters>
        <TT>-0.80000043315024338</TT>
        <CFMAX>2.6951986955304883</CFMAX>
        <SP>0</SP>
        <SFCF>0.7034897485315843</SFCF>
        <CFR>0.038348126519843179</CFR>
        <CWH>0.11079964665694332</CWH>
        <CFGlacier>1</CFGlacier>
        <CFSlope>1</CFSlope>
        <FC>734.57099811152273</FC>
        <LP>0.45029992732085689</LP>
        <BETA>2.1939456143540013</BETA>
      </SubCatchmentVegetationZoneParameters>
    </SubCatchmentVegetationZone>
  </SubCatchment>
</Catchment>