<?xml version="1.0" encoding="utf-8"?>
<Catchment xmlns:xsi="http://www.w3.org/2001/XMLSchema-instance" xmlns:xsd="http://www.w3.org/2001/XMLSchema">
  <CatchmentParameters>
    <KSI>0.001</KSI>
    <KGmin>0.05</KGmin>
    <RangeKG>0.1</RangeKG>
    <AG>0.1</AG>
    <PERC>5.6689035300654247</PERC>
    <Alpha>0</Alpha>
    <UZL>84.80877767189186</UZL>
    <K0>0.41877030309938995</K0>
    <K1>0.28316989470005693</K1>
    <K2>0.07806553931805893</K2>
    <MAXBAS>1.4253660588567758</MAXBAS>
    <Cet>0</Cet>
    <PCALT>10</PCALT>
    <TCALT>0.6</TCALT>
    <Pelev>3100</Pelev>
    <Telev>3100</Telev>
    <PART>0.5</PART>
    <DELAY>1</DELAY>
  </CatchmentParameters>
  <VegetationZone>
    <VegetationZoneParameters>
      <TT>2.1661748455381495</TT>
      <CFMAX>4.0600128842002565</CFMAX>
      <SP>0</SP>
      <SFCF>1.109269301928848</SFCF>
      <CFR>0.071013266539910261</CFR>
      <CWH>0.15730487291808437</CWH>
      <CFGlacier>1</CFGlacier>
      <CFSlope>1</CFSlope>
      <FC>394.41088838516447</FC>
      <LP>0.71285548603798021</LP>
      <BETA>5.1197643842908827</BETA>
    </VegetationZoneParameters>
  </VegetationZone>
  <SubCatchment>
    <SubCatchmentParameters>
      <KSI>0.001</KSI>
      <KGmin>0.05</KGmin>
      <RangeKG>0.1</RangeKG>
      <AG>0.1</AG>
      <PERC>5.6689035300654247</PERC>
      <Alpha>0</Alpha>
      <UZL>84.80877767189186</UZL>
      <K0>0.41877030309938995</K0>
      <K1>0.28316989470005693</K1>
      <K2>0.07806553931805893</K2>
      <MAXBAS>1.4253660588567758</MAXBAS>
      <Cet>0</Cet>
      <PCALT>10</PCALT>
      <TCALT>0.6</TCALT>
      <Pelev>3100</Pelev>
      <Telev>3100</Telev>
      <PART>0.5</PART>
      <DELAY>1</DELAY>
    </SubCatchmentParameters>
    <SubCatchmentVegetationZone>
      <SubCatchmentVegetationZoneParameters>
        <TT>2.1661748455381495</TT>
        <CFMAX>4.0600128842002565</CFMAX>
        <SP>0</SP>
        <SFCF>1.109269301928848</SFCF>
        <CFR>0.071013266539910261</CFR>
        <CWH>0.15730487291808437</CWH>
        <CFGlacier>1</CFGlacier>
        <CFSlope>1</CFSlope>
        <FC>394.41088838516447</FC>
        <LP>0.71285548603798021</LP>
        <BETA>5.1197643842908827</BETA>
      </SubCatchmentVegetationZoneParameters>
    </SubCatchmentVegetationZone>
  </SubCatchment>
</Catchment>