<?xml version="1.0" encoding="utf-8"?>
<Catchment xmlns:xsi="http://www.w3.org/2001/XMLSchema-instance" xmlns:xsd="http://www.w3.org/2001/XMLSchema">
  <CatchmentParameters>
    <KSI>0.001</KSI>
    <KGmin>0.05</KGmin>
    <RangeKG>0.1</RangeKG>
    <AG>0.1</AG>
    <PERC>8.9036585139761364</PERC>
    <Alpha>0</Alpha>
    <UZL>109.65181706597234</UZL>
    <K0>0.50247562284570624</K0>
    <K1>0.10754799845659221</K1>
    <K2>0.095810749167540565</K2>
    <MAXBAS>1.0598887409962114</MAXBAS>
    <Cet>0</Cet>
    <PCALT>10</PCALT>
    <TCALT>0.6</TCALT>
    <Pelev>3100</Pelev>
    <Telev>3100</Telev>
    <PART>0.5</PART>
    <DELAY>1</DELAY>
  </CatchmentParameters>
  <VegetationZone>
    <VegetationZoneParameters>
      <TT>2.1909705533849917</TT>
      <CFMAX>4.89207816860217</CFMAX>
      <SP>0</SP>
      <SFCF>0.995948251155338</SFCF>
      <CFR>0.0011268184078385654</CFR>
      <CWH>0.12918015217657347</CWH>
      <CFGlacier>1</CFGlacier>
      <CFSlope>1</CFSlope>
      <FC>324.52516526706768</FC>
      <LP>0.62984978069713848</LP>
      <BETA>5.7073653986187418</BETA>
    </VegetationZoneParameters>
  </VegetationZone>
  <SubCatchment>
    <SubCatchmentParameters>
      <KSI>0.001</KSI>
      <KGmin>0.05</KGmin>
      <RangeKG>0.1</RangeKG>
      <AG>0.1</AG>
      <PERC>8.9036585139761364</PERC>
      <Alpha>0</Alpha>
      <UZL>109.65181706597234</UZL>
      <K0>0.50247562284570624</K0>
      <K1>0.10754799845659221</K1>
      <K2>0.095810749167540565</K2>
      <MAXBAS>1.0598887409962114</MAXBAS>
      <Cet>0</Cet>
      <PCALT>10</PCALT>
      <TCALT>0.6</TCALT>
      <Pelev>3100</Pelev>
      <Telev>3100</Telev>
      <PART>0.5</PART>
      <DELAY>1</DELAY>
    </SubCatchmentParameters>
    <SubCatchmentVegetationZone>
      <SubCatchmentVegetationZoneParameters>
        <TT>2.1909705533849917</TT>
        <CFMAX>4.89207816860217</CFMAX>
        <SP>0</SP>
        <SFCF>0.995948251155338</SFCF>
        <CFR>0.0011268184078385654</CFR>
        <CWH>0.12918015217657347</CWH>
        <CFGlacier>1</CFGlacier>
        <CFSlope>1</CFSlope>
        <FC>324.52516526706768</FC>
        <LP>0.62984978069713848</LP>
        <BETA>5.7073653986187418</BETA>
      </SubCatchmentVegetationZoneParameters>
    </SubCatchmentVegetationZone>
  </SubCatchment>
</Catchment>