<?xml version="1.0" encoding="utf-8"?>
<Catchment xmlns:xsi="http://www.w3.org/2001/XMLSchema-instance" xmlns:xsd="http://www.w3.org/2001/XMLSchema">
  <CatchmentParameters>
    <KSI>0.001</KSI>
    <KGmin>0.05</KGmin>
    <RangeKG>0.1</RangeKG>
    <AG>0.1</AG>
    <PERC>1.873825106161273</PERC>
    <Alpha>0</Alpha>
    <UZL>75.885368281936849</UZL>
    <K0>0.54557531492338407</K0>
    <K1>0.048243541745931692</K1>
    <K2>0.010001076867469049</K2>
    <MAXBAS>1</MAXBAS>
    <Cet>0</Cet>
    <PCALT>10</PCALT>
    <TCALT>0.6</TCALT>
    <Pelev>3100</Pelev>
    <Telev>3100</Telev>
    <PART>0.5</PART>
    <DELAY>1</DELAY>
  </CatchmentParameters>
  <VegetationZone>
    <VegetationZoneParameters>
      <TT>-0.058779306508036214</TT>
      <CFMAX>3.2461435397308671</CFMAX>
      <SP>0</SP>
      <SFCF>0.68612602495400254</SFCF>
      <CFR>0.039521738676312292</CFR>
      <CWH>0.11390187697573918</CWH>
      <CFGlacier>1</CFGlacier>
      <CFSlope>1</CFSlope>
      <FC>513.5841904468673</FC>
      <LP>0.5129829749897109</LP>
      <BETA>2.6952248175727203</BETA>
    </VegetationZoneParameters>
  </VegetationZone>
  <SubCatchment>
    <SubCatchmentParameters>
      <KSI>0.001</KSI>
      <KGmin>0.05</KGmin>
      <RangeKG>0.1</RangeKG>
      <AG>0.1</AG>
      <PERC>1.873825106161273</PERC>
      <Alpha>0</Alpha>
      <UZL>75.885368281936849</UZL>
      <K0>0.54557531492338407</K0>
      <K1>0.048243541745931692</K1>
      <K2>0.010001076867469049</K2>
      <MAXBAS>1</MAXBAS>
      <Cet>0</Cet>
      <PCALT>10</PCALT>
      <TCALT>0.6</TCALT>
      <Pelev>3100</Pelev>
      <Telev>3100</Telev>
      <PART>0.5</PART>
      <DELAY>1</DELAY>
    </SubCatchmentParameters>
    <SubCatchmentVegetationZone>
      <SubCatchmentVegetationZoneParameters>
        <TT>-0.058779306508036214</TT>
        <CFMAX>3.2461435397308671</CFMAX>
        <SP>0</SP>
        <SFCF>0.68612602495400254</SFCF>
        <CFR>0.039521738676312292</CFR>
        <CWH>0.11390187697573918</CWH>
        <CFGlacier>1</CFGlacier>
        <CFSlope>1</CFSlope>
        <FC>513.5841904468673</FC>
        <LP>0.5129829749897109</LP>
        <BETA>2.6952248175727203</BETA>
      </SubCatchmentVegetationZoneParameters>
    </SubCatchmentVegetationZone>
  </SubCatchment>
</Catchment>